#plate,mjd,fiberid,run2d,specobj_id,ra,dec,sn_median_r,z,zerr,zwarning,class,subclass
'266','51630','1','26','299489677444933632',146.71421,-1.041304,47.56,0.021222,9e-06,'0','GALAXY','STARFORMING'
'266','51630','2','26','299489952322840576',146.74413,-0.652191,12.96,0.203783,3.9e-05,'0','GALAXY',''
'266','51630','4','26','299490502078654464',146.62857,-0.765137,24.57,0.064656,2.1e-05,'0','GALAXY','STARFORMING'
'266','51630','6','26','299491051834468352',146.63167,-0.988278,10.39,0.052654,9e-06,'0','GALAXY','STARFORMING'
'266','51630','7','26','299491326712375296',146.91945,-0.990492,10.65,0.213861,4e-05,'0','GALAXY',''
'266','51630','9','26','299491876468189184',146.76339,-0.810433,4.33,0.44822,0.000107,'0','GALAXY',''
'266','51630','10','26','299492151346096128',146.62282,-0.951385,8.59,0.371128,6.9e-05,'0','GALAXY',''
'266','51630','11','26','299492426224003072',146.9341,-0.670404,24.83,0.12127,2.8e-05,'0','GALAXY',''
'266','51630','13','26','299492975979816960',146.9635,-0.759352,18.2,0.097086,2.9e-05,'0','GALAXY',''
'266','51630','16','26','299493800613537792',146.85983,-0.808902,14.29,0.12659,4.9e-05,'0','GALAXY',''
'266','51630','17','26','299494075491444736',146.59272,-0.760256,20.78,0.064959,9e-06,'0','GALAXY','STARFORMING'
'266','51630','18','26','299494350369351680',146.8577,-0.662852,6.12,0.084292,2.6e-05,'0','GALAXY',''
'266','51630','19','26','299494625247258624',146.72794,-0.55688,22.51,0.089312,2.8e-05,'0','GALAXY',''
'266','51630','20','26','299494900125165568',146.60721,-1.240753,21.6,0.090602,2.6e-05,'0','GALAXY',''
'266','51630','22','26','299495449880979456',147.18679,-0.493813,19.04,0.090317,2.5e-05,'0','GALAXY',''
'266','51630','23','26','299495724758886400',147.02336,-0.160094,10.07,0.215669,4.3e-05,'0','GALAXY',''
'266','51630','24','26','299495999636793344',146.9108,-0.074559,8.99,0.242001,8.9e-05,'0','GALAXY',''
'266','51630','25','26','299496274514700288',146.95607,-0.3423,17.8,0.13468,3.1e-05,'0','GALAXY','STARFORMING'
'266','51630','27','26','299496824270514176',147.17639,-0.354057,15.49,0.006283,7e-06,'0','GALAXY','STARFORMING'
'266','51630','28','26','299497099148421120',147.11461,-0.165218,16.28,0.204057,3.9e-05,'0','GALAXY',''
'266','51630','30','26','299497648904235008',147.22569,-0.292621,14.24,0.133635,3.4e-05,'0','GALAXY',''
'266','51630','33','26','299498473537955840',147.24805,-0.035724,24.77,0.084197,2.5e-05,'0','GALAXY',''
'266','51630','34','26','299498748415862784',146.92403,-0.105143,6.95,0.327572,8.6e-05,'0','GALAXY',''
'266','51630','35','26','299499023293769728',146.9201,-0.306462,11.67,0.13148,4.5e-05,'0','GALAXY',''
'266','51630','36','26','299499298171676672',147.32951,0.028903,34.17,0.048086,1e-05,'0','GALAXY','STARFORMING'
'266','51630','39','26','299500122805397504',147.08969,-0.266509,6.18,0.382936,0.000103,'0','GALAXY',''
'266','51630','41','26','299500672561211392',146.57134,-0.957211,22.55,0.065183,9e-06,'0','GALAXY','STARFORMING'
'266','51630','42','26','299500947439118336',146.56561,-1.084742,26.73,0.097556,1.7e-05,'0','GALAXY','BROADLINE'
'266','51630','44','26','299501497194932224',146.30548,-1.130551,12.33,0.154813,8e-06,'0','GALAXY','STARBURST'
'266','51630','45','26','299501772072839168',146.36033,-0.816657,25.35,0.127409,2.1e-05,'0','GALAXY','BROADLINE'
'266','51630','47','26','299502321828653056',146.43281,-0.987378,22.82,0.140472,2.6e-05,'0','GALAXY',''
'266','51630','50','26','299503146462373888',146.32349,-1.180836,24.09,0.089263,2.1e-05,'0','GALAXY',''
'266','51630','51','26','299503421340280832',146.51283,-0.845765,32.02,0.064902,4e-06,'0','GALAXY','STARFORMING'
'266','51630','52','26','299503696218187776',146.31179,-0.813209,15.8,0.205838,3.6e-05,'0','GALAXY',''
'266','51630','54','26','299504245974001664',146.44831,-0.7134,22.39,0.114679,8e-06,'0','GALAXY',''
'266','51630','55','26','299504520851908608',146.57273,-1.060836,21.83,0.060614,1.4e-05,'0','GALAXY','STARFORMING'
'266','51630','60','26','299505895241443328',146.36894,-0.668247,11.94,0.271195,5.4e-05,'0','GALAXY',''
'266','51630','61','26','299506170119350272',146.85757,-0.218776,17.63,0.124612,3.4e-05,'0','GALAXY',''
'266','51630','62','26','299506444997257216',146.90125,-0.413157,28.13,0.056548,1.5e-05,'0','GALAXY','STARFORMING'
'266','51630','63','26','299506719875164160',146.84292,-0.390935,3.3,0.454208,0.000192,'0','GALAXY',''
'266','51630','65','26','299507269630978048',146.86816,-0.486793,6.46,0.083268,2.1e-05,'0','GALAXY',''
'266','51630','66','26','299507544508884992',146.86432,-0.464072,18.89,0.06511,8e-06,'0','GALAXY','STARFORMING'
'266','51630','67','26','299507819386791936',146.78847,-0.310658,4.58,0.056562,1.5e-05,'0','GALAXY','STARFORMING'
'266','51630','69','26','299508369142605824',146.89158,-0.512662,14.73,0.083893,1.3e-05,'0','GALAXY',''
'266','51630','70','26','299508644020512768',146.8833,-0.494699,27.41,0.083766,1.4e-05,'0','GALAXY','STARFORMING'
'266','51630','71','26','299508918898419712',146.85967,-0.098939,14.89,0.125392,1e-05,'0','GALAXY','STARFORMING'
'266','51630','72','26','299509193776326656',146.85676,-0.27404,7.33,0.021965,6e-06,'0','GALAXY','STARBURST'
'266','51630','73','26','299509468654233600',146.76078,0.015978,14.67,0.124902,2.1e-05,'0','GALAXY',''
'266','51630','74','26','299509743532140544',146.90232,-0.313662,10.67,0.13142,4.7e-05,'0','GALAXY',''
'266','51630','75','26','299510018410047488',146.77711,-0.241987,10.34,0.130819,2.7e-05,'0','GALAXY',''
'266','51630','76','26','299510293287954432',146.89733,-0.186368,5.27,0.370904,0.000127,'0','GALAXY',''
'266','51630','77','26','299510568165861376',146.80914,0.026384,22.56,0.12603,3.1e-05,'0','GALAXY',''
'266','51630','78','26','299510843043768320',146.75599,-0.168212,5.68,0.06245,4.6e-05,'0','GALAXY',''
'266','51630','79','26','299511117921675264',146.81199,-0.190046,30.08,0.062151,1.8e-05,'0','GALAXY','BROADLINE'
'266','51630','81','26','299511667677489152',146.11835,-0.868146,14.57,0.127676,1.1e-05,'0','GALAXY','STARFORMING'
'266','51630','83','26','299512217433303040',146.09369,-0.793088,39.11,0.067585,1.3e-05,'0','GALAXY','BROADLINE'
'266','51630','84','26','299512492311209984',146.09344,-1.008167,21.02,0.065891,2.3e-05,'0','GALAXY',''
'266','51630','86','26','299513042067023872',146.12796,-1.189771,13.99,0.140728,3.3e-05,'0','GALAXY',''
'266','51630','87','26','299513316944930816',146.23485,-1.152769,16.08,0.067414,5e-06,'0','GALAXY','STARBURST'
'266','51630','89','26','299513866700744704',146.07916,-1.158027,9.5,0.35079,8.2e-05,'0','GALAXY',''
'266','51630','90','26','299514141578651648',146.14358,-0.741641,20.11,0.203822,3.2e-05,'0','GALAXY',''
'266','51630','91','26','299514416456558592',146.01189,-0.975229,7.23,0.374055,8.6e-05,'0','GALAXY',''
'266','51630','93','26','299514966212372480',146.24259,-0.762618,4.24,0.300229,9e-06,'0','GALAXY','STARBURST'
'266','51630','94','26','299515241090279424',146.07944,-0.68096,30.3,0.067273,2.3e-05,'0','GALAXY',''
'266','51630','96','26','299515790846093312',146.26033,-0.940792,5.19,0.384653,0.000114,'0','GALAXY',''
'266','51630','97','26','299516065724000256',146.13557,-0.682191,16.1,0.203841,3.5e-05,'0','GALAXY',''
'266','51630','99','26','299516615479814144',146.19262,-0.688401,10.13,0.00408,5e-06,'0','GALAXY','STARBURST'
'266','51630','100','26','299516890357721088',146.00779,-0.642272,21.47,0.004776,7e-06,'16','GALAXY','STARBURST'
'266','51630','102','26','299517440113534976',146.57562,-0.291274,10.82,0.12641,3.6e-05,'0','GALAXY',''
'266','51630','103','26','299517714991441920',146.59449,-0.133174,7.3,0.045652,1.6e-05,'0','GALAXY','STARFORMING'
'266','51630','104','26','299517989869348864',146.74174,-0.524692,11.84,0.131504,1.2e-05,'0','GALAXY','STARFORMING'
'266','51630','105','26','299518264747255808',146.61904,-0.434322,18.26,0.006037,6e-06,'0','GALAXY','STARFORMING'
'266','51630','106','26','299518539625162752',146.62966,-0.465689,23.06,0.089345,1.4e-05,'0','GALAXY','AGN'
'266','51630','107','26','299518814503069696',146.49052,-0.36931,27.07,0.123199,1.4e-05,'0','GALAXY','STARFORMING'
'266','51630','108','26','299519089380976640',146.7517,-0.408392,30.26,0.035808,5e-06,'0','GALAXY','STARBURST'
'266','51630','109','26','299519364258883584',146.69572,-0.286934,30.43,0.120967,2.6e-05,'0','GALAXY',''
'266','51630','110','26','299519639136790528',146.64357,-0.331345,23.93,0.130249,2.5e-05,'0','GALAXY',''
'266','51630','111','26','299519914014697472',146.60365,-0.191493,17.89,0.121521,8e-06,'0','GALAXY','STARFORMING'
'266','51630','112','26','299520188892604416',146.63068,0.070984,15.32,0.125857,3.7e-05,'0','GALAXY',''
'266','51630','113','26','299520463770511360',146.60806,0.047679,10.74,0.092124,1.1e-05,'0','GALAXY','STARFORMING'
'266','51630','114','26','299520738648418304',146.60631,-0.213221,12.52,0.120617,1.2e-05,'0','GALAXY',''
'266','51630','115','26','299521013526325248',146.72901,0.026972,28.33,0.05666,2.2e-05,'0','GALAXY',''
'266','51630','116','26','299521288404232192',146.74794,-0.268282,14.57,0.130222,3.7e-05,'0','GALAXY',''
'266','51630','117','26','299521563282139136',146.63489,-0.192291,25.56,0.132126,3.2e-05,'0','GALAXY',''
'266','51630','119','26','299522113037953024',146.73712,-0.252183,23.01,0.130504,3.4e-05,'0','GALAXY',''
'266','51630','120','26','299522387915859968',146.66136,-0.10337,13.52,0.069341,2.2e-05,'0','GALAXY','STARFORMING'
'266','51630','121','26','299522662793766912',145.96877,-1.057783,11.71,0.290043,5.3e-05,'0','GALAXY',''
'266','51630','122','26','299522937671673856',145.84664,-1.186796,15.56,0.141718,3.5e-05,'0','GALAXY',''
'266','51630','123','26','299523212549580800',145.80475,-1.184054,15.8,0.145738,4.1e-05,'0','GALAXY',''
'266','51630','128','26','299524586939115520',145.89059,-1.097616,22.04,0.062489,8e-06,'0','GALAXY','STARFORMING'
'266','51630','129','26','299524861817022464',145.81811,-0.878951,14.8,0.204578,4e-05,'0','GALAXY',''
'266','51630','131','26','299525411572836352',145.93788,-0.733965,16.75,0.142703,1.9e-05,'0','GALAXY','STARFORMING'
'266','51630','132','26','299525686450743296',145.89232,-1.022636,22.08,0.153699,2.5e-05,'0','GALAXY',''
'266','51630','134','26','299526236206557184',145.91067,-0.669941,4.73,0.369257,0.000119,'0','GALAXY',''
'266','51630','135','26','299526511084464128',145.85318,-0.99705,18.32,0.144802,2.9e-05,'0','GALAXY',''
'266','51630','136','26','299526785962371072',145.80638,-0.547065,5.47,0.368065,0.000111,'0','GALAXY',''
'266','51630','137','26','299527060840278016',145.82165,-0.846567,14.34,0.067702,2.1e-05,'0','GALAXY',''
'266','51630','138','26','299527335718184960',145.87447,-0.608749,21.45,0.07159,1.8e-05,'0','GALAXY','STARFORMING'
'266','51630','139','26','299527610596091904',145.98911,-0.615036,6.17,0.335078,9.3e-05,'0','GALAXY',''
'266','51630','141','26','299528160351905792',146.37378,-0.368387,25.62,0.052907,3.5e-05,'0','GALAXY','STARFORMING BROADLINE'
'266','51630','142','26','299528435229812736',146.38135,-0.386464,16.56,0.052603,1.4e-05,'0','GALAXY',''
'266','51630','143','26','299528710107719680',146.46892,-0.092844,39.3,0.062513,1.6e-05,'0','GALAXY',''
'266','51630','144','26','299528984985626624',146.35579,-0.143388,38.93,0.030739,1.3e-05,'0','GALAXY',''
'266','51630','145','26','299529259863533568',146.47181,-0.32045,5.01,0.366169,0.000147,'0','GALAXY',''
'266','51630','146','26','299529534741440512',146.35204,-0.332691,35.9,0.052176,6e-06,'0','GALAXY','STARFORMING'
'266','51630','147','26','299529809619347456',146.29988,-0.120014,35.29,0.030704,1.4e-05,'0','GALAXY','AGN'
'266','51630','148','26','299530084497254400',146.43376,-0.105672,13.36,0.062402,4.1e-05,'0','GALAXY',''
'266','51630','151','26','299530909130975232',146.36539,-0.343515,25.08,0.052484,6e-06,'0','GALAXY','STARBURST'
'266','51630','152','26','299531184008882176',146.477,0.077431,5.07,0.441022,0.000107,'0','GALAXY',''
'266','51630','154','26','299531733764696064',146.39902,-0.350383,13.3,0.053548,5e-06,'0','GALAXY','STARBURST'
'266','51630','155','26','299532008642603008',146.32316,-0.02999,9.31,0.021709,5e-06,'0','GALAXY','STARBURST'
'266','51630','156','26','299532283520509952',146.36979,0.082264,12.65,0.067523,1.1e-05,'0','GALAXY','STARFORMING'
'266','51630','157','26','299532558398416896',146.30086,0.03548,36.23,0.021758,5e-06,'0','GALAXY','STARBURST'
'266','51630','158','26','299532833276323840',146.32958,-0.306224,10.08,0.036452,1.1e-05,'0','GALAXY','AGN'
'266','51630','159','26','299533108154230784',146.39968,0.032246,13.69,0.128487,4.5e-05,'0','GALAXY',''
'266','51630','160','26','299533383032137728',146.34706,0.075416,17.49,0.062282,3.4e-05,'0','GALAXY',''
'266','51630','162','26','299533932787951616',146.05733,-0.09703,43.67,0.03673,1.2e-05,'0','GALAXY',''
'266','51630','163','26','299534207665858560',146.23462,-0.406261,10.26,0.271907,5.8e-05,'0','GALAXY',''
'266','51630','165','26','299534757421672448',146.10554,-0.285416,23.38,0.089904,2.4e-05,'0','GALAXY',''
'266','51630','166','26','299535032299579392',146.19333,-0.038867,31.13,0.062961,1.9e-05,'0','GALAXY',''
'266','51630','167','26','299535307177486336',146.2278,0.043566,24.35,0.091392,3e-05,'0','GALAXY',''
'266','51630','168','26','299535582055393280',146.22225,-0.375888,30.73,0.067406,1.5e-05,'0','GALAXY','STARFORMING'
'266','51630','169','26','299535856933300224',146.28017,-0.406949,43.71,0.06336,1.2e-05,'0','GALAXY',''
'266','51630','170','26','299536131811207168',146.19248,-0.508279,4.91,0.369197,0.000122,'0','GALAXY',''
'266','51630','171','26','299536406689114112',146.16234,-0.022424,18.75,0.091557,3e-05,'0','GALAXY',''
'266','51630','172','26','299536681567021056',146.28301,0.064056,12.8,0.02158,1.2e-05,'0','GALAXY','STARFORMING'
'266','51630','174','26','299537231322834944',146.23184,0.068229,47.29,0.021608,1e-05,'0','GALAXY','BROADLINE'
'266','51630','175','26','299537506200741888',146.02339,0.021997,10.85,0.125543,2.6e-05,'0','GALAXY',''
'266','51630','176','26','299537781078648832',145.97523,0.106646,13.91,0.125411,4.5e-05,'0','GALAXY',''
'266','51630','177','26','299538055956555776',146.16563,-0.064166,30.68,0.063207,2.1e-05,'0','GALAXY',''
'266','51630','178','26','299538330834462720',146.06648,-0.000895,15.98,0.124062,3.9e-05,'0','GALAXY',''
'266','51630','179','26','299538605712369664',145.98758,-0.342555,13.71,0.126198,1.1e-05,'0','GALAXY','STARFORMING'
'266','51630','180','26','299538880590276608',145.99396,-0.135848,28.27,0.063048,1.7e-05,'0','GALAXY',''
'266','51630','181','26','299539155468183552',145.90594,-0.368358,30.96,0.097739,2.3e-05,'0','GALAXY',''
'266','51630','182','26','299539430346090496',145.93037,-0.060303,3.22,0.517111,0.000158,'0','GALAXY',''
'266','51630','183','26','299539705223997440',145.82519,0.043159,18.42,0.145113,2.9e-05,'0','GALAXY',''
'266','51630','184','26','299539980101904384',145.8765,-0.010999,28.74,0.127024,2.5e-05,'0','GALAXY',''
'266','51630','185','26','299540254979811328',145.89112,-0.467045,10.43,0.203196,2.1e-05,'0','GALAXY','STARFORMING'
'266','51630','186','26','299540529857718272',145.89245,-0.336298,18.89,0.097988,2.5e-05,'0','GALAXY',''
'266','51630','189','26','299541354491439104',145.8774,-0.050188,15.31,0.090997,1.2e-05,'0','GALAXY','STARFORMING'
'266','51630','191','26','299541904247252992',145.95019,0.07202,20.23,0.12582,3.4e-05,'0','GALAXY',''
'266','51630','192','26','299542179125159936',145.86533,0.089624,16.93,0.127791,3.5e-05,'0','GALAXY',''
'266','51630','193','26','299542454003066880',145.83689,0.002893,19.26,0.129491,2.6e-05,'0','GALAXY',''
'266','51630','194','26','299542728880973824',145.81742,-0.09431,8.17,0.345882,7.8e-05,'0','GALAXY',''
'266','51630','195','26','299543003758880768',145.84425,0.030685,15.02,0.155431,1.6e-05,'0','GALAXY',''
'266','51630','196','26','299543278636787712',145.86564,0.056189,24.22,0.127746,2.6e-05,'0','GALAXY',''
'266','51630','198','26','299543828392601600',145.84849,0.051299,15.25,0.122486,4.1e-05,'0','GALAXY',''
'266','51630','199','26','299544103270508544',145.82273,-0.16029,17.19,0.062655,6e-06,'0','GALAXY','STARBURST'
'266','51630','201','26','299544653026322432',145.8013,-1.074195,5.98,0.383598,0.000105,'0','GALAXY',''
'266','51630','202','26','299544927904229376',145.68613,-1.244038,17.49,0.14808,3.4e-05,'0','GALAXY',''
'266','51630','203','26','299545202782136320',145.63394,-1.050603,16.25,0.143298,2.8e-05,'0','GALAXY',''
'266','51630','204','26','299545477660043264',145.67849,-0.791401,17.64,0.149185,3.6e-05,'0','GALAXY',''
'266','51630','205','26','299545752537950208',145.76792,-1.074726,14.92,0.062498,1.7e-05,'0','GALAXY',''
'266','51630','206','26','299546027415857152',145.61886,-0.972686,14.31,0.152708,1.7e-05,'0','GALAXY',''
'266','51630','207','26','299546302293764096',145.68114,-0.867223,35.4,0.067595,1.3e-05,'0','GALAXY',''
'266','51630','209','26','299546852049577984',145.59655,-1.205323,6.94,0.147311,7e-06,'0','GALAXY',''
'266','51630','210','26','299547126927484928',145.61421,-0.865762,8.1,0.345673,7.1e-05,'0','GALAXY',''
'266','51630','211','26','299547401805391872',145.75413,-0.753394,18.79,0.098485,2.8e-05,'0','GALAXY',''
'266','51630','212','26','299547676683298816',145.5822,-0.892743,19.54,0.098351,2.8e-05,'0','GALAXY',''
'266','51630','214','26','299548226439112704',145.64525,-0.815519,17.05,0.14551,3.3e-05,'0','GALAXY',''
'266','51630','215','26','299548501317019648',145.64788,-0.771763,17.56,0.021652,1.1e-05,'0','GALAXY','STARFORMING'
'266','51630','216','26','299548776194926592',145.75973,-0.813892,38.89,0.067634,8e-06,'0','GALAXY','AGN BROADLINE'
'266','51630','217','26','299549051072833536',145.70894,-0.747678,24.49,0.071566,1.9e-05,'0','GALAXY',''
'266','51630','218','26','299549325950740480',145.64345,-0.68482,9.82,0.146034,3.6e-05,'0','GALAXY',''
'266','51630','219','26','299549600828647424',145.78109,-0.605341,13.24,0.142582,3.3e-05,'0','GALAXY',''
'266','51630','220','26','299549875706554368',145.70728,-0.677747,4.1,0.401925,0.000123,'0','GALAXY',''
'266','51630','221','26','299550150584461312',145.74475,-0.076352,19.78,0.062591,5e-06,'0','GALAXY','STARBURST'
'266','51630','223','26','299550700340275200',145.6012,-0.001389,16.33,0.145823,2.3e-05,'0','GALAXY','STARBURST'
'266','51630','224','26','299550975218182144',145.73722,-0.061009,20.79,0.143917,2.3e-05,'0','GALAXY',''
'266','51630','226','26','299551524973996032',145.66949,0.111673,19.71,0.124705,2.9e-05,'0','GALAXY',''
'266','51630','228','26','299552074729809920',145.71827,0.069323,2.92,0.515604,0.000193,'0','GALAXY',''
'266','51630','229','26','299552349607716864',145.68939,-0.011336,12.41,0.097682,7e-06,'0','GALAXY','STARBURST'
'266','51630','230','26','299552624485623808',145.70269,-0.048527,18.38,0.098322,6e-06,'0','GALAXY','STARBURST'
'266','51630','231','26','299552899363530752',145.59828,-0.202199,17.52,0.091136,8e-06,'0','GALAXY','STARFORMING'
'266','51630','232','26','299553174241437696',145.64341,-0.300148,3.95,0.125431,8e-06,'0','GALAXY','STARBURST'
'266','51630','235','26','299553998875158528',145.63696,-0.454492,7.35,0.35807,8.1e-05,'0','GALAXY',''
'266','51630','236','26','299554273753065472',145.72206,-0.527137,18.65,0.164054,2.8e-05,'0','GALAXY',''
'266','51630','237','26','299554548630972416',145.77842,-0.134551,17.45,0.145157,3.2e-05,'0','GALAXY',''
'266','51630','239','26','299555098386786304',145.80121,-0.211129,13.84,0.144856,2.5e-05,'0','GALAXY',''
'266','51630','240','26','299555373264693248',145.66918,-0.421025,11.08,0.030363,1.2e-05,'0','GALAXY','STARFORMING'
'266','51630','241','26','299555648142600192',145.3983,-0.670926,17.05,0.146817,3.1e-05,'0','GALAXY',''
'266','51630','242','26','299555923020507136',145.37814,-0.674318,18.01,0.090209,2.8e-05,'0','GALAXY',''
'266','51630','243','26','299556197898414080',145.48725,-0.806932,28.73,0.060844,1.7e-05,'0','GALAXY',''
'266','51630','244','26','299556472776321024',145.50248,-0.966632,21.46,0.147709,2.8e-05,'0','GALAXY',''
'266','51630','245','26','299556747654227968',145.38815,-0.69227,13.45,0.146789,4.2e-05,'0','GALAXY',''
'266','51630','246','26','299557022532134912',145.46323,-0.844223,17.33,0.146408,3.2e-05,'0','GALAXY',''
'266','51630','247','26','299557297410041856',145.37115,-1.081015,12.27,0.098887,8e-06,'0','GALAXY','STARFORMING'
'266','51630','248','26','299557572287948800',145.44408,-1.195456,19.32,0.088163,2.3e-05,'0','GALAXY',''
'266','51630','250','26','299558122043762688',145.37411,-1.24932,45.5,0.066866,1.4e-05,'0','GALAXY','BROADLINE'
'266','51630','251','26','299558396921669632',145.53585,-1.078282,4.64,0.460744,0.000112,'0','GALAXY',''
'266','51630','253','26','299558946677483520',145.43954,-0.645241,22.06,0.149207,3.3e-05,'0','GALAXY','STARFORMING'
'266','51630','254','26','299559221555390464',145.39427,-0.557655,22.84,0.125913,8e-06,'0','GALAXY','STARBURST'
'266','51630','255','26','299559496433297408',145.52621,-0.747451,13.96,0.218378,4.6e-05,'0','GALAXY',''
'266','51630','256','26','299559771311204352',145.55749,-0.693205,9.85,0.217765,5.6e-05,'0','GALAXY',''
'266','51630','257','26','299560046189111296',145.47929,-1.053425,25.14,0.088422,2.1e-05,'0','GALAXY',''
'266','51630','258','26','299560321067018240',145.49628,-0.736792,17.49,0.146764,2.9e-05,'0','GALAXY',''
'266','51630','260','26','299560870822832128',145.47822,-0.599816,22.69,0.126777,3e-05,'0','GALAXY',''
'266','51630','261','26','299561145700739072',145.41306,0.106463,13.52,0.121305,1.9e-05,'0','GALAXY',''
'266','51630','262','26','299561420578646016',145.44666,0.077355,11.67,0.122466,1.8e-05,'0','GALAXY',''
'266','51630','263','26','299561695456552960',145.55032,0.009495,7.54,0.336367,7.9e-05,'0','GALAXY',''
'266','51630','264','26','299561970334459904',145.36478,-0.342794,14.1,0.148621,1.9e-05,'0','GALAXY',''
'266','51630','265','26','299562245212366848',145.39106,-0.415596,16.81,0.035879,1.2e-05,'0','GALAXY','STARFORMING'
'266','51630','266','26','299562520090273792',145.42694,0.049537,25.31,0.090878,2.6e-05,'0','GALAXY',''
'266','51630','267','26','299562794968180736',145.36789,-0.465454,8.45,0.342279,9e-05,'0','GALAXY',''
'266','51630','268','26','299563069846087680',145.40681,-0.314397,15.94,0.146884,3.8e-05,'0','GALAXY',''
'266','51630','269','26','299563344723994624',145.49979,-0.430594,9.71,0.366239,7.5e-05,'0','GALAXY',''
'266','51630','271','26','299563894479808512',145.44549,-0.122678,25.05,0.090536,2.5e-05,'0','GALAXY',''
'266','51630','272','26','299564169357715456',145.39609,-0.091231,23.15,0.09002,1.5e-05,'0','GALAXY','STARFORMING'
'266','51630','274','26','299564719113529344',145.51629,-0.519194,18.79,0.126764,3.8e-05,'0','GALAXY',''
'266','51630','276','26','299565268869343232',145.46451,0.107001,19.84,0.122822,2.9e-05,'0','GALAXY',''
'266','51630','277','26','299565543747250176',145.45408,0.039078,9.1,0.181435,1.8e-05,'0','GALAXY','STARFORMING'
'266','51630','278','26','299565818625157120',145.51958,-0.277555,13.87,0.098263,8e-06,'0','GALAXY','STARFORMING'
'266','51630','279','26','299566093503064064',145.34744,0.054345,29.66,0.090171,1.9e-05,'0','GALAXY',''
'266','51630','281','26','299566643258877952',145.34998,-1.25386,21.96,0.088173,2.6e-05,'0','GALAXY',''
'266','51630','283','26','299567193014691840',145.20738,-0.863053,23.4,0.141459,2.7e-05,'0','GALAXY',''
'266','51630','284','26','299567467892598784',145.27784,-0.733136,17.49,0.147675,3.3e-05,'0','GALAXY',''
'266','51630','285','26','299567742770505728',145.35048,-1.080556,18.35,0.071414,1.3e-05,'0','GALAXY','STARFORMING'
'266','51630','286','26','299568017648412672',145.29601,-0.943207,3.75,0.460163,0.000207,'0','GALAXY',''
'266','51630','287','26','299568292526319616',145.25691,-1.101886,11.93,0.06655,1.2e-05,'0','GALAXY',''
'266','51630','288','26','299568567404226560',145.29141,-0.860359,5.19,0.369426,0.000133,'0','GALAXY',''
'266','51630','289','26','299568842282133504',145.35144,-1.238558,11.95,0.090671,1.1e-05,'0','GALAXY','STARFORMING'
'266','51630','290','26','299569117160040448',145.1963,-0.87998,19.5,0.118615,1.6e-05,'0','GALAXY','STARFORMING'
'266','51630','291','26','299569392037947392',145.36211,-0.71402,10.61,0.131562,8e-06,'0','GALAXY','STARFORMING'
'266','51630','292','26','299569666915854336',145.3416,-0.577275,32.39,0.089707,2e-05,'0','GALAXY',''
'266','51630','293','26','299569941793761280',145.34203,-0.906341,18.37,0.151091,3.1e-05,'0','GALAXY',''
'266','51630','295','26','299570491549575168',145.16039,-0.655469,16.27,0.150441,1.2e-05,'0','GALAXY','STARFORMING'
'266','51630','296','26','299570766427482112',145.22485,-0.548023,18.9,0.12967,2.5e-05,'0','GALAXY',''
'266','51630','299','26','299571591061202944',145.2669,-0.957321,4.06,0.405938,0.000149,'0','GALAXY',''
'266','51630','300','26','299571865939109888',145.18668,-0.893378,12.37,0.142611,1e-05,'0','GALAXY','STARFORMING'
'266','51630','302','26','299572415694923776',145.3206,-0.252861,26.3,0.051954,1e-05,'0','GALAXY','STARFORMING'
'266','51630','303','26','299572690572830720',145.28961,-0.147307,18.5,0.122171,3e-05,'0','GALAXY',''
'266','51630','304','26','299572965450737664',145.34432,-0.016916,21.84,0.091035,2.7e-05,'0','GALAXY',''
'266','51630','305','26','299573240328644608',145.17299,-0.005654,3.34,0.437511,0.000123,'0','GALAXY',''
'266','51630','306','26','299573515206551552',145.34424,-0.368501,15.51,0.204814,3.9e-05,'0','GALAXY',''
'266','51630','307','26','299573790084458496',145.32998,0.043081,15.92,0.120429,1.7e-05,'0','GALAXY','STARFORMING'
'266','51630','308','26','299574064962365440',145.20774,-0.322106,16.91,0.122389,3.8e-05,'0','GALAXY',''
'266','51630','309','26','299574339840272384',145.34053,0.019135,23.39,0.120293,2.7e-05,'0','GALAXY',''
'266','51630','310','26','299574614718179328',145.25355,-0.107234,3.12,0.484813,0.000196,'0','GALAXY',''
'266','51630','311','26','299574889596086272',145.23331,-0.435672,13.83,0.221124,4.8e-05,'0','GALAXY',''
'266','51630','312','26','299575164473993216',145.21905,-0.186154,18.94,0.123589,3.3e-05,'0','GALAXY',''
'266','51630','315','26','299575989107714048',145.31208,-0.400766,7.02,0.336823,7.8e-05,'0','GALAXY',''
'266','51630','317','26','299576538863527936',145.33123,-0.542068,11.62,0.153353,1.8e-05,'0','GALAXY',''
'266','51630','318','26','299576813741434880',145.2754,-0.473478,11.99,0.148294,2.9e-05,'0','GALAXY',''
'266','51630','319','26','299577088619341824',145.16739,-0.482343,10.46,0.062374,9e-06,'0','GALAXY','STARFORMING'
'266','51630','320','26','299577363497248768',145.33158,-0.350721,3.96,0.483367,0.000173,'0','GALAXY',''
'266','51630','323','26','299578188130969600',145.54119,0.795397,10.57,0.098886,7e-06,'0','GALAXY','STARBURST'
'266','51630','324','26','299578463008876544',145.19872,0.932665,13.68,0.061472,6e-06,'0','GALAXY','STARFORMING'
'266','51630','325','26','299578737886783488',145.39045,0.957806,13.38,0.147206,5.2e-05,'0','GALAXY',''
'266','51630','327','26','299579287642597376',145.51643,1.044336,14.7,0.136246,4.6e-05,'0','GALAXY',''
'266','51630','328','26','299579562520504320',145.35216,1.113849,11.98,0.167555,1.7e-05,'0','GALAXY',''
'266','51630','330','26','299580112276318208',145.40988,1.026535,15.38,0.146606,4e-05,'0','GALAXY',''
'266','51630','331','26','299580387154225152',145.22993,0.762557,24.07,0.047079,2.2e-05,'0','GALAXY',''
'266','51630','333','26','299580936910039040',145.44311,0.826572,29.18,0.051259,2e-05,'0','GALAXY',''
'266','51630','334','26','299581211787945984',145.34769,1.077453,11.37,0.088842,7e-06,'0','GALAXY','STARBURST'
'266','51630','335','26','299581486665852928',145.20053,0.87098,14.13,0.151579,3.5e-05,'0','GALAXY',''
'266','51630','337','26','299582036421666816',145.26325,0.991931,14.99,0.057206,1e-05,'0','GALAXY','STARFORMING'
'266','51630','338','26','299582311299573760',145.32091,0.771098,18.38,0.006589,6e-06,'0','GALAXY','STARFORMING'
'266','51630','339','26','299582586177480704',145.29603,0.8016,23.39,0.079322,2.6e-05,'0','GALAXY',''
'266','51630','341','26','299583135933294592',145.34123,0.547307,16.87,0.097905,1.1e-05,'0','GALAXY','STARFORMING'
'266','51630','342','26','299583410811201536',145.39406,0.3557,14.46,0.090891,1.9e-05,'0','GALAXY',''
'266','51630','343','26','299583685689108480',145.34252,0.622834,14.07,0.083346,1.1e-05,'0','GALAXY','STARFORMING'
'266','51630','345','26','299584235444922368',145.30472,0.562385,12.48,0.146912,1.2e-05,'0','GALAXY',''
'266','51630','348','26','299585060078643200',145.31181,0.5033,21.6,0.098416,2.4e-05,'0','GALAXY',''
'266','51630','349','26','299585334956550144',145.32998,0.175468,21.16,0.062225,2.2e-05,'0','GALAXY','AGN'
'266','51630','350','26','299585609834457088',145.22038,0.410855,21.68,0.098253,2.7e-05,'0','GALAXY',''
'266','51630','352','26','299586159590270976',145.29315,0.306178,10.44,0.32267,7e-05,'0','GALAXY',''
'266','51630','354','26','299586709346084864',145.19382,0.16887,22.78,0.090159,2.1e-05,'0','GALAXY',''
'266','51630','355','26','299586984223991808',145.25193,0.126452,19.72,0.121914,3.3e-05,'0','GALAXY',''
'266','51630','356','26','299587259101898752',145.33843,0.271317,7.01,0.336399,9.8e-05,'0','GALAXY',''
'266','51630','358','26','299587808857712640',145.2499,0.261801,11.17,0.125674,2.3e-05,'0','GALAXY',''
'266','51630','359','26','299588083735619584',145.28856,0.346513,12.52,0.064601,1.1e-05,'0','GALAXY','STARFORMING'
'266','51630','360','26','299588358613526528',145.21869,0.147,15.15,0.083186,2e-05,'0','GALAXY',''
'266','51630','361','26','299588633491433472',145.60223,1.149687,3.57,0.449869,0.000189,'0','GALAXY',''
'266','51630','362','26','299588908369340416',145.86812,0.829384,24.26,0.0826,2.3e-05,'0','GALAXY',''
'266','51630','363','26','299589183247247360',145.80749,0.949928,12.88,0.163685,4.8e-05,'0','GALAXY',''
'266','51630','366','26','299590007880968192',145.86626,1.141657,15.62,0.162389,3.8e-05,'0','GALAXY',''
'266','51630','367','26','299590282758875136',145.85052,1.203525,43.93,0.061823,1.2e-05,'0','GALAXY',''
'266','51630','369','26','299590832514689024',145.5446,0.939334,24.43,0.083907,2.3e-05,'0','GALAXY',''
'266','51630','370','26','299591107392595968',145.61284,0.972333,17.45,0.05736,7e-06,'0','GALAXY','STARFORMING'
'266','51630','371','26','299591382270502912',145.59891,0.843794,11.66,0.197492,5.4e-05,'0','GALAXY',''
'266','51630','372','26','299591657148409856',145.84294,0.747858,11.8,0.163992,2.9e-05,'0','GALAXY',''
'266','51630','373','26','299591932026316800',145.79341,1.185654,27.31,0.062567,1.7e-05,'0','GALAXY','AGN'
'266','51630','374','26','299592206904223744',145.64213,0.97197,9.37,0.166095,3.3e-05,'0','GALAXY',''
'266','51630','375','26','299592481782130688',145.7134,1.167356,9.36,0.06219,2e-05,'0','GALAXY',''
'266','51630','376','26','299592756660037632',145.56952,0.752371,4.32,0.374509,0.000229,'0','GALAXY',''
'266','51630','377','26','299593031537944576',145.59509,1.005625,4.39,0.457388,0.000148,'0','GALAXY',''
'266','51630','379','26','299593581293758464',145.66358,0.973646,24.81,0.13537,1e-05,'0','GALAXY','STARFORMING'
'266','51630','381','26','299594131049572352',145.49682,0.733167,3.81,0.410288,0.000134,'0','GALAXY',''
'266','51630','382','26','299594405927479296',145.43387,0.56414,15.22,0.146147,4.5e-05,'0','GALAXY',''
'266','51630','383','26','299594680805386240',145.59403,0.309384,29.86,0.045709,7e-06,'0','GALAXY','STARFORMING'
'266','51630','384','26','299594955683293184',145.53343,0.729855,5.45,0.358216,0.000139,'0','GALAXY',''
'266','51630','385','26','299595230561200128',145.63365,0.62078,18.08,0.155789,2.4e-05,'0','GALAXY',''
'266','51630','386','26','299595505439107072',145.55448,0.223267,12.56,0.152225,2.5e-05,'0','GALAXY',''
'266','51630','388','26','299596055194920960',145.42138,0.533706,15.15,0.145986,4.3e-05,'0','GALAXY',''
'266','51630','391','26','299596879828641792',145.49927,0.121447,21.9,0.123034,2.6e-05,'0','GALAXY',''
'266','51630','392','26','299597154706548736',145.47131,0.15515,18.74,0.1225,1.1e-05,'0','GALAXY','AGN'
'266','51630','393','26','299597429584455680',145.57687,0.233613,18.63,0.090497,2.1e-05,'0','GALAXY',''
'266','51630','397','26','299598529096083456',145.55632,0.238469,15.83,0.15326,3.7e-05,'0','GALAXY',''
'266','51630','399','26','299599078851897344',145.55565,0.183439,17.47,0.120346,1.8e-05,'0','GALAXY','STARFORMING'
'266','51630','400','26','299599353729804288',145.43888,0.14696,20.1,0.123066,2.7e-05,'0','GALAXY',''
'266','51630','401','26','299599628607711232',145.88081,1.04707,2.99,0.440371,0.000211,'0','GALAXY',''
'266','51630','402','26','299599903485618176',146.06725,1.109425,23.98,0.152119,2.7e-05,'0','GALAXY',''
'266','51630','403','26','299600178363525120',145.99263,0.788078,34.44,0.03801,7e-06,'0','GALAXY','STARFORMING'
'266','51630','404','26','299600453241432064',146.00114,1.246145,14.63,0.1627,4.7e-05,'0','GALAXY',''
'266','51630','406','26','299601002997245952',145.9506,1.06513,14.48,0.154082,4.2e-05,'0','GALAXY',''
'266','51630','407','26','299601277875152896',145.89128,1.116524,22.63,0.051589,6e-06,'0','GALAXY','STARBURST'
'266','51630','408','26','299601552753059840',145.9373,1.141856,18.83,0.124118,3.4e-05,'0','GALAXY',''
'266','51630','410','26','299602102508873728',145.88615,1.196468,13.04,0.163362,1.7e-05,'0','GALAXY',''
'266','51630','411','26','299602377386780672',146.01513,0.823506,22.57,0.123209,1.7e-05,'0','GALAXY','AGN'
'266','51630','412','26','299602652264687616',145.96966,0.830918,33.24,0.036357,1.6e-05,'0','GALAXY',''
'266','51630','413','26','299602927142594560',146.01225,0.765638,12.04,0.037455,6e-06,'0','GALAXY','STARBURST'
'266','51630','414','26','299603202020501504',146.02566,1.071327,4.51,0.438591,0.000135,'0','GALAXY',''
'266','51630','415','26','299603476898408448',146.04623,0.766119,14.09,0.122414,3.8e-05,'0','GALAXY',''
'266','51630','416','26','299603751776315392',145.87525,0.912476,22.24,0.124454,2.9e-05,'0','GALAXY',''
'266','51630','417','26','299604026654222336',146.08224,1.0348,19.21,0.119855,2e-05,'0','GALAXY','STARFORMING'
'266','51630','418','26','299604301532129280',145.87188,0.87376,18.92,0.151529,3.2e-05,'0','GALAXY','AGN'
'266','51630','420','26','299604851287943168',145.89356,1.028422,16.57,0.053294,9e-06,'0','GALAXY','STARFORMING'
'266','51630','421','26','299605126165850112',145.79884,0.650495,13.35,0.164514,4.6e-05,'0','GALAXY',''
'266','51630','422','26','299605401043757056',145.8475,0.67573,32.02,0.026602,1.6e-05,'0','GALAXY',''
'266','51630','424','26','299605950799570944',145.70654,0.459389,10.82,0.167119,4.9e-05,'0','GALAXY',''
'266','51630','425','26','299606225677477888',145.6607,0.633845,4.79,0.466758,9.6e-05,'0','GALAXY',''
'266','51630','426','26','299606500555384832',145.64564,0.509594,5.24,0.156104,2.4e-05,'0','GALAXY',''
'266','51630','427','26','299606775433291776',145.73267,0.534036,15.77,0.164257,4.1e-05,'0','GALAXY',''
'266','51630','428','26','299607050311198720',145.79259,0.524727,15.29,0.122273,1.2e-05,'0','GALAXY','STARFORMING'
'266','51630','429','26','299607325189105664',145.81392,0.488506,13.24,0.062781,1.1e-05,'0','GALAXY','STARFORMING'
'266','51630','430','26','299607600067012608',145.80019,0.414172,35.83,0.02525,1.5e-05,'0','GALAXY','STARFORMING'
'266','51630','432','26','299608149822826496',145.6519,0.469087,13.82,0.122401,1.4e-05,'0','GALAXY','STARFORMING'
'266','51630','433','26','299608424700733440',145.79648,0.561501,11.71,0.079987,8e-06,'0','GALAXY','STARFORMING'
'266','51630','434','26','299608699578640384',145.72549,0.730654,15.26,0.165706,4.2e-05,'0','GALAXY',''
'266','51630','435','26','299608974456547328',145.82657,0.373103,6.02,0.021564,3.8e-05,'0','GALAXY',''
'266','51630','436','26','299609249334454272',145.72946,0.126896,23.77,0.036699,1e-05,'0','GALAXY','STARFORMING'
'266','51630','437','26','299609524212361216',145.74324,0.463467,17.33,0.120707,3.4e-05,'0','GALAXY',''
'266','51630','438','26','299609799090268160',145.77515,0.320216,8.2,0.024924,5e-06,'0','GALAXY','STARBURST'
'266','51630','439','26','299610073968175104',145.76582,0.135346,15.52,0.123279,1.5e-05,'0','GALAXY','AGN'
'266','51630','440','26','299610348846082048',145.82799,0.193217,30.62,0.125227,2.2e-05,'0','GALAXY',''
'266','51630','441','26','299610623723988992',146.18715,0.966676,4.05,0.406464,0.000168,'0','GALAXY',''
'266','51630','442','26','299610898601895936',146.23428,1.12559,22.24,0.122425,3.1e-05,'0','GALAXY',''
'266','51630','443','26','299611173479802880',146.24704,0.924948,12.97,0.14363,2e-05,'0','GALAXY',''
'266','51630','444','26','299611448357709824',146.18955,1.037575,3.39,0.428615,0.000195,'0','GALAXY',''
'266','51630','446','26','299611998113523712',146.29967,1.208701,8.19,0.283498,0.000108,'0','GALAXY',''
'266','51630','447','26','299612272991430656',146.25244,1.119578,18.73,0.120132,3.7e-05,'0','GALAXY',''
'266','51630','448','26','299612547869337600',146.08739,0.997999,19.53,0.12037,3.9e-05,'0','GALAXY',''
'266','51630','449','26','299612822747244544',146.22688,1.245267,9.84,0.241843,6.2e-05,'0','GALAXY',''
'266','51630','450','26','299613097625151488',146.26584,1.230425,8.95,0.006355,9e-06,'0','GALAXY','STARFORMING'
'266','51630','451','26','299613372503058432',146.10837,0.799389,3.39,0.437159,0.000156,'0','GALAXY',''
'266','51630','453','26','299613922258872320',146.15329,0.868741,14.97,0.120082,3.6e-05,'0','GALAXY',''
'266','51630','454','26','299614197136779264',146.14741,0.817354,30.47,0.122271,2.5e-05,'0','GALAXY',''
'266','51630','456','26','299614746892593152',146.15976,0.840717,25.88,0.122119,2.8e-05,'0','GALAXY',''
'266','51630','457','26','299615021770500096',146.12635,0.757904,14.18,0.124109,1.8e-05,'0','GALAXY','AGN'
'266','51630','458','26','299615296648407040',146.13155,0.841193,15.54,0.122419,2.5e-05,'0','GALAXY',''
'266','51630','459','26','299615571526313984',146.2856,1.172124,11.9,0.160877,5.9e-05,'0','GALAXY',''
'266','51630','460','26','299615846404220928',146.20631,1.148302,25.99,0.123202,2.8e-05,'0','GALAXY',''
'266','51630','461','26','299616121282127872',146.02091,0.733557,51.98,0.036177,1e-05,'0','GALAXY',''
'266','51630','463','26','299616671037941760',145.99917,0.352445,15.5,0.143653,1.3e-05,'0','GALAXY','STARFORMING'
'266','51630','464','26','299616945915848704',145.92821,0.531134,10.81,0.030477,1.3e-05,'0','GALAXY','STARFORMING'
'266','51630','465','26','299617220793755648',146.05095,0.440089,20.75,0.080067,5e-06,'0','GALAXY','STARBURST'
'266','51630','466','26','299617495671662592',146.01687,0.716808,34.4,0.035169,1.4e-05,'0','GALAXY',''
'266','51630','467','26','299617770549569536',145.94781,0.465297,30.68,0.030384,1.5e-05,'0','GALAXY','STARFORMING'
'266','51630','468','26','299618045427476480',146.06202,0.302315,16.93,0.122215,1.9e-05,'0','GALAXY','AGN'
'266','51630','469','26','299618320305383424',145.93673,0.498891,16.65,0.12362,3.1e-05,'0','GALAXY',''
'266','51630','470','26','299618595183290368',145.93774,0.67208,14.93,0.143454,4.4e-05,'0','GALAXY',''
'266','51630','472','26','299619144939104256',146.00604,0.145448,24.57,0.127127,2.8e-05,'0','GALAXY',''
'266','51630','473','26','299619419817011200',145.90721,0.400905,11.48,0.144179,1.5e-05,'0','GALAXY','STARFORMING'
'266','51630','474','26','299619694694918144',146.04543,0.179805,16.95,0.011124,7e-06,'0','GALAXY','STARBURST'
'266','51630','475','26','299619969572825088',145.93972,0.116888,18.3,0.145436,8e-06,'0','GALAXY','STARFORMING'
'266','51630','476','26','299620244450732032',146.00406,0.203634,14.0,0.202569,4.4e-05,'0','GALAXY',''
'266','51630','477','26','299620519328638976',145.95625,0.199372,18.66,0.144555,2.8e-05,'0','GALAXY',''
'266','51630','478','26','299620794206545920',146.01594,0.313175,3.79,0.440498,0.000177,'0','GALAXY',''
'266','51630','479','26','299621069084452864',145.93858,0.151015,9.73,0.08003,6e-06,'0','GALAXY','STARBURST'
'266','51630','480','26','299621343962359808',145.97847,0.294947,20.42,0.125662,2.6e-05,'0','GALAXY','STARFORMING'
'266','51630','481','26','299621618840266752',146.27502,0.581018,26.07,0.120787,3.1e-05,'0','GALAXY',''
'266','51630','482','26','299621893718173696',146.21636,0.659452,8.16,0.193654,3.9e-05,'0','GALAXY',''
'266','51630','485','26','299622718351894528',146.25172,0.506149,13.4,0.037357,7e-06,'0','GALAXY','STARFORMING'
'266','51630','486','26','299622993229801472',146.15186,0.613461,20.63,0.141342,3.4e-05,'0','GALAXY',''
'266','51630','488','26','299623542985615360',146.14438,0.2431,16.61,0.218385,4.3e-05,'0','GALAXY',''
'266','51630','489','26','299623817863522304',146.08981,0.659835,7.84,0.036102,1.4e-05,'0','GALAXY','STARFORMING'
'266','51630','490','26','299624092741429248',146.06942,0.698217,17.74,0.144412,3.8e-05,'0','GALAXY',''
'266','51630','491','26','299624367619336192',146.18532,0.11931,16.3,0.122789,3.7e-05,'0','GALAXY',''
'266','51630','492','26','299624642497243136',146.20851,0.390604,12.82,0.242572,5.2e-05,'0','GALAXY',''
'266','51630','493','26','299624917375150080',146.14242,0.309032,21.76,0.128827,3e-05,'0','GALAXY',''
'266','51630','495','26','299625467130963968',146.07867,0.212771,10.29,0.200907,5e-05,'0','GALAXY',''
'266','51630','496','26','299625742008870912',146.17224,0.570648,11.26,0.144357,9e-06,'0','GALAXY','STARFORMING'
'266','51630','498','26','299626291764684800',146.14448,0.127006,11.38,0.125921,1e-05,'0','GALAXY',''
'266','51630','499','26','299626566642591744',146.07338,0.156264,5.24,0.442225,0.000144,'0','GALAXY',''
'266','51630','500','26','299626841520498688',146.1566,0.569591,16.05,0.144225,3e-05,'0','GALAXY','AGN'
'266','51630','501','26','299627116398405632',146.31675,0.589202,11.97,0.144918,5e-05,'0','GALAXY',''
'266','51630','502','26','299627391276312576',146.42944,0.240006,8.49,0.19077,3.1e-05,'0','GALAXY',''
'266','51630','503','26','299627666154219520',146.32035,0.57342,11.05,0.14669,2.4e-05,'0','GALAXY',''
'266','51630','504','26','299627941032126464',146.40623,0.604142,9.34,0.057564,1.1e-05,'0','GALAXY','STARFORMING'
'266','51630','505','26','299628215910033408',146.42536,0.567131,7.81,0.263127,0.000119,'0','GALAXY',''
'266','51630','506','26','299628490787940352',146.46299,0.638709,26.5,0.030323,7e-06,'0','GALAXY','STARBURST'
'266','51630','507','26','299628765665847296',146.33806,0.722181,15.35,0.146796,3.9e-05,'0','GALAXY',''
'266','51630','510','26','299629590299568128',146.29875,0.656134,7.61,0.120661,3.5e-05,'0','GALAXY',''
'266','51630','511','26','299629865177475072',146.4187,0.398868,13.44,0.143914,4.8e-05,'0','GALAXY',''
'266','51630','512','26','299630140055382016',146.51535,0.16678,20.22,0.048921,8e-06,'0','GALAXY','STARFORMING'
'266','51630','514','26','299630689811195904',146.41406,0.188383,3.66,0.362836,0.000164,'0','GALAXY',''
'266','51630','516','26','299631239567009792',146.39576,0.240102,13.61,0.120387,1.3e-05,'0','GALAXY',''
'266','51630','517','26','299631514444916736',146.37363,0.255539,27.12,0.129184,2.8e-05,'0','GALAXY',''
'266','51630','518','26','299631789322823680',146.56889,0.266079,19.26,0.125733,2.8e-05,'0','GALAXY',''
'266','51630','519','26','299632064200730624',146.41187,0.215319,7.8,0.119739,1.9e-05,'0','GALAXY',''
'266','51630','520','26','299632339078637568',146.58882,0.1726,29.87,0.057426,1.3e-05,'0','GALAXY','STARFORMING'
'266','51630','521','26','299632613956544512',146.31813,0.985777,3.94,0.417799,0.000226,'0','GALAXY',''
'266','51630','522','26','299632888834451456',146.6088,0.804699,10.22,0.142919,1.5e-05,'0','GALAXY',''
'266','51630','523','26','299633163712358400',146.35326,1.060373,12.29,0.127619,1.2e-05,'0','GALAXY','STARFORMING'
'266','51630','524','26','299633438590265344',146.58351,1.227275,13.63,0.133706,4.6e-05,'0','GALAXY',''
'266','51630','525','26','299633713468172288',146.52027,0.871875,55.45,0.026808,9e-06,'0','GALAXY',''
'266','51630','526','26','299633988346079232',146.38552,1.146998,5.65,0.270106,8e-06,'0','GALAXY','STARBURST'
'266','51630','527','26','299634263223986176',146.39189,0.978233,7.0,0.061535,1e-05,'0','GALAXY','STARFORMING'
'266','51630','528','26','299634538101893120',146.37291,1.070121,21.0,0.127992,3.1e-05,'0','GALAXY',''
'266','51630','529','26','299634812979800064',146.58426,1.081123,8.23,0.576849,0.000249,'0','GALAXY',''
'266','51630','531','26','299635362735613952',146.51129,0.813257,9.86,0.220256,7.6e-05,'0','GALAXY',''
'266','51630','532','26','299635637613520896',146.53089,0.78193,7.08,0.020258,7e-06,'0','GALAXY','STARFORMING'
'266','51630','533','26','299635912491427840',146.37977,0.926671,15.55,0.085351,9e-06,'0','GALAXY','STARFORMING'
'266','51630','534','26','299636187369334784',146.47466,0.905731,9.76,0.218163,6.4e-05,'0','GALAXY',''
'266','51630','535','26','299636462247241728',146.36651,0.851182,18.69,0.142751,2.6e-05,'0','GALAXY',''
'266','51630','536','26','299636737125148672',146.34873,0.905812,3.7,0.418103,0.000167,'0','GALAXY',''
'266','51630','537','26','299637012003055616',146.43634,1.059193,31.83,0.06258,1.8e-05,'0','GALAXY',''
'266','51630','540','26','299637836636776448',146.5912,0.896718,14.47,0.026304,9e-06,'0','GALAXY','STARFORMING'
'266','51630','542','26','299638386392590336',146.78188,0.704417,10.06,0.085258,1e-05,'0','GALAXY','STARFORMING'
'266','51630','543','26','299638661270497280',146.8068,0.665635,42.85,0.020076,1.2e-05,'0','GALAXY','STARFORMING'
'266','51630','544','26','299638936148404224',146.64377,0.46721,3.18,0.450709,0.000117,'0','GALAXY',''
'266','51630','545','26','299639211026311168',146.79909,0.702742,30.43,0.030533,6e-06,'0','GALAXY','STARBURST'
'266','51630','546','26','299639485904218112',146.74774,0.265772,16.39,0.09133,3.8e-05,'0','GALAXY',''
'266','51630','547','26','299639760782125056',146.85248,0.687052,20.4,0.062538,2.5e-05,'0','GALAXY',''
'266','51630','548','26','299640035660032000',146.72474,0.650045,10.14,0.312149,5.7e-05,'0','GALAXY',''
'266','51630','549','26','299640310537938944',146.68492,0.678479,13.45,0.210939,4.9e-05,'0','GALAXY',''
'266','51630','550','26','299640585415845888',146.61129,0.693055,11.53,0.025183,7e-06,'0','GALAXY','STARFORMING'
'266','51630','551','26','299640860293752832',146.69457,0.172361,8.94,0.180009,1.7e-05,'0','GALAXY',''
'266','51630','553','26','299641410049566720',146.79762,0.260472,3.46,0.519978,0.000196,'0','GALAXY',''
'266','51630','554','26','299641684927473664',146.67518,0.277981,12.5,0.207174,5.1e-05,'0','GALAXY',''
'266','51630','556','26','299642234683287552',146.72511,0.508283,14.81,0.005922,5e-06,'0','GALAXY','STARBURST'
'266','51630','558','26','299642784439101440',146.63864,0.196219,14.2,0.142585,4.9e-05,'0','GALAXY',''
'266','51630','560','26','299643334194915328',146.61674,0.13787,18.21,0.091552,3.5e-05,'0','GALAXY',''
'266','51630','561','26','299643609072822272',146.66771,1.10209,10.44,0.128192,2.9e-05,'0','GALAXY',''
'266','51630','562','26','299643883950729216',146.81624,0.944108,21.16,0.062979,3e-05,'0','GALAXY',''
'266','51630','564','26','299644433706543104',146.74791,0.734721,11.66,0.2621,7e-05,'0','GALAXY',''
'266','51630','565','26','299644708584450048',146.76759,1.074713,21.07,0.085573,2.9e-05,'0','GALAXY',''
'266','51630','567','26','299645258340263936',146.71326,1.009314,11.54,0.161431,2.2e-05,'0','GALAXY','STARFORMING'
'266','51630','568','26','299645533218170880',146.72476,1.03113,9.4,0.086455,9e-06,'0','GALAXY','STARFORMING'
'266','51630','569','26','299645808096077824',146.77792,1.039627,39.75,0.086486,1.6e-05,'0','GALAXY','BROADLINE'
'266','51630','572','26','299646632729798656',146.7815,0.737982,12.51,0.261883,6.3e-05,'0','GALAXY',''
'266','51630','573','26','299646907607705600',146.77163,1.010302,13.07,0.161677,1.1e-05,'0','GALAXY','STARFORMING'
'266','51630','574','26','299647182485612544',146.77295,0.964428,7.39,0.006186,7e-06,'0','GALAXY','STARBURST'
'266','51630','575','26','299647457363519488',146.67719,1.129569,13.28,0.085773,1.4e-05,'0','GALAXY',''
'266','51630','576','26','299647732241426432',146.69213,1.066522,11.76,0.219111,5.6e-05,'0','GALAXY',''
'266','51630','577','26','299648007119333376',146.7989,0.850567,16.49,0.123467,3.8e-05,'0','GALAXY',''
'266','51630','578','26','299648281997240320',146.7823,0.79441,27.71,0.06999,2.3e-05,'0','GALAXY',''
'266','51630','579','26','299648556875147264',146.6873,0.860937,5.84,0.335482,0.000112,'0','GALAXY',''
'266','51630','581','26','299649106630961152',146.9038,0.632213,21.56,0.06269,1.5e-05,'0','GALAXY','STARFORMING'
'266','51630','582','26','299649381508868096',146.87104,0.42252,20.0,0.124285,2.9e-05,'0','GALAXY',''
'266','51630','583','26','299649656386775040',146.8769,0.361616,22.91,0.125849,7e-06,'0','GALAXY','STARBURST'
'266','51630','584','26','299649931264681984',147.02282,0.660947,8.99,0.312987,6.8e-05,'0','GALAXY',''
'266','51630','586','26','299650481020495872',146.86054,0.524715,5.03,0.338477,0.000123,'0','GALAXY',''
'266','51630','587','26','299650755898402816',146.91732,0.694894,13.58,0.061815,3.7e-05,'0','GALAXY','STARFORMING'
'266','51630','592','26','299652130287937536',147.03909,0.525607,18.48,0.063463,5e-06,'0','GALAXY','STARBURST'
'266','51630','593','26','299652405165844480',146.89532,0.359014,14.59,0.204841,3.9e-05,'0','GALAXY',''
'266','51630','594','26','299652680043751424',147.09159,0.207673,8.77,0.370205,7.1e-05,'0','GALAXY',''
'266','51630','595','26','299652954921658368',146.88773,0.217459,20.94,0.062968,9e-06,'0','GALAXY','STARFORMING'
'266','51630','596','26','299653229799565312',146.97831,0.389033,13.59,0.070306,6e-06,'0','GALAXY','STARFORMING'
'266','51630','597','26','299653504677472256',147.02367,0.310367,5.72,0.413408,8.7e-05,'0','GALAXY',''
'266','51630','598','26','299653779555379200',146.90289,0.208936,22.61,0.080211,3.2e-05,'0','GALAXY',''
'266','51630','599','26','299654054433286144',146.95764,0.393406,22.78,0.069874,5e-06,'0','GALAXY','STARFORMING'
'266','51630','600','26','299654329311193088',147.11309,0.440089,27.05,0.062388,9e-06,'0','GALAXY','AGN'
'266','51630','601','26','299654604189100032',146.934,0.81889,15.32,0.1543,4e-05,'0','GALAXY',''
'266','51630','602','26','299654879067006976',146.90637,1.125027,13.19,0.163655,4.3e-05,'0','GALAXY',''
'266','51630','603','26','299655153944913920',146.90368,1.035379,14.98,0.12338,4.4e-05,'0','GALAXY',''
'266','51630','604','26','299655428822820864',146.80985,1.072775,10.34,0.299455,6e-05,'0','GALAXY',''
'266','51630','605','26','299655703700727808',146.9318,1.035167,5.63,0.027194,1.9e-05,'0','GALAXY','STARFORMING'
'266','51630','606','26','299655978578634752',146.9372,1.107735,16.11,0.162133,4.3e-05,'0','GALAXY',''
'266','51630','609','26','299656803212355584',147.06404,0.939646,3.71,0.444237,0.000159,'0','GALAXY',''
'266','51630','610','26','299657078090262528',146.94866,1.004567,7.31,0.33518,8.5e-05,'0','GALAXY',''
'266','51630','612','26','299657627846076416',147.032,0.775349,31.01,0.143152,2.7e-05,'0','GALAXY',''
'266','51630','613','26','299657902723983360',147.0805,0.78802,19.04,0.210948,6.9e-05,'0','GALAXY',''
'266','51630','614','26','299658177601890304',146.90205,0.899762,14.64,0.219505,5.6e-05,'0','GALAXY',''
'266','51630','615','26','299658452479797248',146.84077,0.886266,14.62,0.062345,1.1e-05,'0','GALAXY',''
'266','51630','616','26','299658727357704192',146.84222,0.740843,19.64,0.020131,7e-06,'0','GALAXY','STARFORMING'
'266','51630','618','26','299659277113518080',147.07442,0.885211,14.31,0.098208,1.8e-05,'0','GALAXY',''
'266','51630','619','26','299659551991425024',147.02167,0.754471,44.88,0.062006,1.6e-05,'0','GALAXY',''
'266','51630','621','26','299660101747238912',147.17057,0.531207,21.2,0.104128,2.5e-05,'0','GALAXY',''
'266','51630','622','26','299660376625145856',147.15059,0.416589,26.24,0.064539,1.6e-05,'0','GALAXY',''
'266','51630','623','26','299660651503052800',147.18007,0.42961,39.66,0.063339,1.2e-05,'0','GALAXY','BROADLINE'
'266','51630','624','26','299660926380959744',147.29397,0.381343,9.98,0.109858,1.8e-05,'0','GALAXY','STARFORMING'
'266','51630','625','26','299661201258866688',147.17998,0.492993,7.12,0.0626,7e-06,'0','GALAXY','STARFORMING'
'266','51630','626','26','299661476136773632',147.12735,0.504462,18.44,0.086057,1.7e-05,'0','GALAXY','STARFORMING'
'266','51630','630','26','299662575648401408',147.2654,0.465678,9.65,0.073687,1.4e-05,'0','GALAXY','STARFORMING'
'266','51630','631','26','299662850526308352',147.3296,0.324433,7.5,0.365943,0.0001,'0','GALAXY',''
'266','51630','632','26','299663125404215296',147.32681,0.245493,15.74,0.092846,1.3e-05,'0','GALAXY','STARFORMING'
'266','51630','633','26','299663400282122240',147.30829,0.151163,31.52,0.080169,2e-05,'0','GALAXY',''
'266','51630','634','26','299663675160029184',147.12832,0.369232,21.99,0.069841,1.8e-05,'0','GALAXY',''
'266','51630','635','26','299663950037936128',147.24832,0.311419,17.21,0.191954,3.7e-05,'0','GALAXY',''
'266','51630','637','26','299664499793750016',147.31446,0.174843,11.98,0.084672,2.1e-05,'0','GALAXY',''
'266','51630','638','26','299664774671656960',147.19292,0.271918,45.82,0.020162,8e-06,'0','GALAXY','STARBURST'
'266','51630','640','26','299665324427470848',147.3056,0.217577,8.81,0.019999,1e-05,'0','GALAXY','STARFORMING'
